source_element,source_description,relationship,target_element,target_description,comment
patient,The person that has the allergy,equivalent,AllergyIntolerance.patient,Who the sensitivity is for,Restricted to Reference(BePatient).
code,The substance that the person is allergic to,equivalent,AllergyIntolerance.code,Code that identifies the allergy or intolerance,"Extensible binding to BeAllergyIntoleranceCode. For medication allergies use CNK, ATC or CTI-extended. Free text only in code.text when no code applies."
category,"The category of the risk (food, medication, environment, biological...)",equivalent,AllergyIntolerance.category,food | medication | environment | biologic,"Not captured by the recorder; may be derived from the SNOMED CT concept in code."
type,The type - whether it is an allergy or intolerance,equivalent,AllergyIntolerance.extension:type,Allergy or intolerance type (BeExtAllergyType),"Core AllergyIntolerance.type is prohibited (0..0) in the profile. The value is carried in the BeExtAllergyType extension (CodeableConcept bound to BeVSAllergyIntoleranceType) to be replaced by the R5 cross-version extension. When the type cannot be determined, use 'intolerance' with verificationStatus = unconfirmed."
status.clinicalStatus,The status of the allergy - if it is active or resolved,equivalent,AllergyIntolerance.clinicalStatus,active | inactive | resolved,"Mandatory in the model when status is present; in FHIR it SHALL be absent when verificationStatus is entered-in-error (ait-2)."
status.verificationStatus,The verification status of the allergy - if it is confirmed or suspected or refuted,equivalent,AllergyIntolerance.verificationStatus,unconfirmed | confirmed | refuted | entered-in-error,"'Suspected' in the model corresponds to 'unconfirmed'."
recordedDate,When the allergy/intolerance was recorded,equivalent,AllergyIntolerance.recordedDate,Date first version of the resource instance was recorded,Mandatory (1..1) in both model and profile.
recorder,Who recorded the allergy,equivalent,AllergyIntolerance.recorder,Who recorded the sensitivity,"Restricted to Reference(BePractitioner | BePractitionerRole | BePatient). This is the KMEHR 'author'."
asserter,Who asserted the allergy,equivalent,AllergyIntolerance.asserter,Source of the information about the allergy,"Patient, practitioner or RelatedPerson. For family members or other non-professionals only the relationship role is recorded (GDPR). Not the KMEHR 'author'."
note,Additional text note about the allergy or intolerance,equivalent,AllergyIntolerance.note.text,The annotation - text content (as markdown),"The model allows one note; FHIR allows 0..* Annotation. Senders SHOULD send at most one note."
reactions,Known past reactions to the allergen,equivalent,AllergyIntolerance.reaction,Adverse reaction events linked to exposure to substance,
reactions.manifestation,How the reaction manifested itself,equivalent,AllergyIntolerance.reaction.manifestation,Clinical symptoms/signs associated with the event,"Constrained to 1..1 in the profile. Extensible binding to be-riskmanifestation (SNOMED CT preferred outside the value set)."
reactions.onset,Manifestation date,narrower,AllergyIntolerance.reaction.onset,Date(/time) when manifestations showed,"The model mentions approximate dates (age, period, interval) but reaction.onset is dateTime: only partial dates (YYYY or YYYY-MM) can express imprecision."
reactions.note,Additional text note about the allergic reaction,equivalent,AllergyIntolerance.reaction.note.text,The annotation - text content (as markdown),Not must-support in the profile; prefer AllergyIntolerance.note.
